Date,Open,High,Low,Close,Adj Close,Volume,Ticker
2022-09-09,109.06999969482422,110.98999786376953,109.0199966430664,110.6500015258789,110.6500015258789,23197700,GOOGL
2022-09-12,110.98999786376953,111.62000274658203,109.93000030517578,110.86000061035156,110.86000061035156,22966800,GOOGL
2022-09-13,107.80000305175781,108.30000305175781,104.08999633789062,104.31999969482422,104.31999969482422,38172900,GOOGL
2022-09-14,104.56999969482422,105.27999877929688,103.66000366210938,105.0,105.0,26395100,GOOGL
2022-09-15,104.02999877929688,105.2699966430664,102.3499984741211,102.91000366210938,102.91000366210938,34188300,GOOGL
2022-09-16,102.06999969482422,103.12999725341797,100.94000244140625,102.80000305175781,102.80000305175781,42797200,GOOGL
2022-09-19,101.75,103.33000183105469,101.55000305175781,103.06999969482422,103.06999969482422,23036800,GOOGL
2022-09-20,102.08000183105469,102.37000274658203,100.5199966430664,101.13999938964844,101.13999938964844,26517100,GOOGL
2022-09-21,101.66999816894531,102.87999725341797,99.2699966430664,99.27999877929688,99.27999877929688,31487300,GOOGL
2022-09-22,98.81999969482422,101.23999786376953,98.79000091552734,100.13999938964844,100.13999938964844,34298600,GOOGL
2022-09-23,99.62999725341797,99.66000366210938,97.47000122070312,98.73999786376953,98.73999786376953,31625400,GOOGL
2022-09-26,98.0999984741211,99.87999725341797,97.80000305175781,98.16999816894531,98.16999816894531,27072700,GOOGL
2022-09-27,99.43000030517578,100.0,96.87000274658203,97.5,97.5,30072800,GOOGL
2022-09-28,97.6500015258789,100.69999694824219,97.11000061035156,100.05000305175781,100.05000305175781,32466300,GOOGL
2022-09-29,98.63999938964844,98.63999938964844,95.95999908447266,97.41999816894531,97.41999816894531,31047200,GOOGL
2022-09-30,97.05000305175781,98.9000015258789,95.55999755859375,95.6500015258789,95.6500015258789,32941500,GOOGL
2022-10-03,96.76000213623047,99.29000091552734,96.5199966430664,98.63999938964844,98.63999938964844,27982000,GOOGL
2022-10-04,100.44000244140625,101.83999633789062,100.37999725341797,101.63999938964844,101.63999938964844,28850800,GOOGL
2022-10-05,99.83000183105469,101.93000030517578,98.80000305175781,101.43000030517578,101.43000030517578,22176900,GOOGL
2022-10-06,100.68000030517578,102.93000030517578,100.58999633789062,101.41999816894531,101.41999816894531,22324000,GOOGL
2022-10-07,99.8499984741211,100.52999877929688,98.30000305175781,98.68000030517578,98.68000030517578,27502800,GOOGL
2022-10-10,99.0,99.0999984741211,97.01000213623047,97.86000061035156,97.86000061035156,18225100,GOOGL
2022-10-11,97.43000030517578,99.25,96.30999755859375,97.18000030517578,97.18000030517578,26507100,GOOGL
2022-10-12,97.30000305175781,98.75,96.73999786376953,97.55999755859375,97.55999755859375,21876400,GOOGL
2022-10-13,95.1500015258789,99.77999877929688,94.37999725341797,99.05999755859375,99.05999755859375,34574500,GOOGL
2022-10-14,99.98999786376953,100.69000244140625,96.37000274658203,96.55999755859375,96.55999755859375,25410700,GOOGL
2022-10-17,98.86000061035156,100.93000030517578,98.83000183105469,99.97000122070312,99.97000122070312,28419200,GOOGL
2022-10-18,103.12999725341797,103.47000122070312,99.97000122070312,100.7699966430664,100.7699966430664,24060700,GOOGL
2022-10-19,100.01000213623047,101.0199966430664,98.91999816894531,99.62999725341797,99.62999725341797,23811100,GOOGL
2022-10-20,100.0,102.31999969482422,99.38999938964844,99.97000122070312,99.97000122070312,25323200,GOOGL
2022-10-21,97.8499984741211,101.30999755859375,97.72000122070312,101.12999725341797,101.12999725341797,32458700,GOOGL
2022-10-24,101.80000305175781,102.75,99.9800033569336,102.5199966430664,102.5199966430664,27176400,GOOGL
2022-10-25,102.9000015258789,104.81999969482422,102.72000122070312,104.4800033569336,104.4800033569336,40611400,GOOGL
2022-10-26,96.43000030517578,98.30999755859375,94.69000244140625,94.93000030517578,94.93000030517578,88114100,GOOGL
2022-10-27,94.5199966430664,95.43000030517578,91.80000305175781,92.22000122070312,92.22000122070312,60710900,GOOGL
2022-10-28,92.2699966430664,96.55000305175781,92.12999725341797,96.29000091552734,96.29000091552734,43697300,GOOGL
2022-10-31,95.41999816894531,96.02999877929688,93.9800033569336,94.51000213623047,94.51000213623047,31675000,GOOGL
2022-11-01,95.44999694824219,96.02999877929688,90.37000274658203,90.47000122070312,90.47000122070312,47161400,GOOGL
2022-11-02,90.94000244140625,91.18000030517578,86.87999725341797,86.97000122070312,86.97000122070312,57038300,GOOGL
2022-11-03,86.31999969482422,86.5199966430664,83.33999633789062,83.43000030517578,83.43000030517578,61288000,GOOGL
2022-11-04,85.4000015258789,86.63999938964844,83.70999908447266,86.58000183105469,86.58000183105469,51124900,GOOGL
2022-11-07,87.27999877929688,88.9000015258789,86.8499984741211,88.48999786376953,88.48999786376953,34078900,GOOGL
2022-11-08,88.9000015258789,90.31999969482422,87.58999633789062,88.9000015258789,88.9000015258789,30429000,GOOGL
2022-11-09,88.44999694824219,89.44000244140625,87.27999877929688,87.31999969482422,87.31999969482422,31769100,GOOGL
2022-11-10,92.25,94.38999938964844,91.61000061035156,93.94000244140625,93.94000244140625,51620100,GOOGL
2022-11-11,94.69000244140625,96.93000030517578,93.91999816894531,96.41000366210938,96.41000366210938,33090500,GOOGL
2022-11-14,95.08999633789062,96.79000091552734,94.51000213623047,95.69999694824219,95.69999694824219,30179500,GOOGL
2022-11-15,98.26000213623047,100.13999938964844,96.70999908447266,98.44000244140625,98.44000244140625,41640800,GOOGL
2022-11-16,97.9000015258789,99.63999938964844,97.63999938964844,98.8499984741211,98.8499984741211,29105200,GOOGL
2022-11-17,96.97000122070312,99.27999877929688,96.79000091552734,98.36000061035156,98.36000061035156,26052600,GOOGL
2022-11-18,98.7699966430664,98.9000015258789,96.37000274658203,97.43000030517578,97.43000030517578,28342300,GOOGL
2022-11-21,97.29000091552734,98.4000015258789,95.36000061035156,95.5999984741211,95.5999984741211,21647400,GOOGL
2022-11-22,95.94999694824219,97.22000122070312,94.05000305175781,97.05000305175781,97.05000305175781,23438500,GOOGL
2022-11-23,97.08999633789062,98.76000213623047,97.08999633789062,98.45999908447266,98.45999908447266,18868100,GOOGL
2022-11-25,98.23999786376953,98.63999938964844,97.4000015258789,97.45999908447266,97.45999908447266,9701400,GOOGL
2022-11-28,97.04000091552734,97.58000183105469,95.61000061035156,96.05000305175781,96.05000305175781,26237500,GOOGL
2022-11-29,95.7300033569336,96.12000274658203,94.11000061035156,95.19000244140625,95.19000244140625,20061700,GOOGL
2022-11-30,94.81999969482422,101.04000091552734,94.41999816894531,100.98999786376953,100.98999786376953,43647500,GOOGL
2022-12-01,101.0199966430664,102.25,100.25,100.98999786376953,100.98999786376953,28687100,GOOGL
2022-12-02,99.05000305175781,100.7699966430664,98.9000015258789,100.44000244140625,100.44000244140625,21480700,GOOGL
2022-12-05,99.4000015258789,101.37999725341797,99.0,99.4800033569336,99.4800033569336,24405100,GOOGL
2022-12-06,99.30000305175781,99.77999877929688,96.41999816894531,96.9800033569336,96.9800033569336,24910700,GOOGL
2022-12-07,96.41000366210938,96.87999725341797,94.72000122070312,94.94000244140625,94.94000244140625,31045400,GOOGL
2022-12-08,95.37999725341797,95.58000183105469,93.44999694824219,93.70999908447266,93.70999908447266,32213300,GOOGL
2022-12-09,93.7699966430664,94.26000213623047,92.75,92.83000183105469,92.83000183105469,28225400,GOOGL
2022-12-12,92.70999908447266,93.55999755859375,91.61000061035156,93.30999755859375,93.30999755859375,29420000,GOOGL
2022-12-13,97.76000213623047,99.52999877929688,95.02999877929688,95.62999725341797,95.62999725341797,40593700,GOOGL
2022-12-14,95.19999694824219,96.87000274658203,93.5999984741211,95.06999969482422,95.06999969482422,28733600,GOOGL
2022-12-15,93.12999725341797,93.63999938964844,90.01000213623047,90.86000061035156,90.86000061035156,40107000,GOOGL
2022-12-16,90.76000213623047,91.33000183105469,89.5199966430664,90.26000213623047,90.26000213623047,58011800,GOOGL
2022-12-19,90.26000213623047,90.55999755859375,88.20999908447266,88.44000244140625,88.44000244140625,29493000,GOOGL
2022-12-20,88.11000061035156,89.18000030517578,87.44000244140625,89.0199966430664,89.0199966430664,23453800,GOOGL
2022-12-21,89.08000183105469,90.22000122070312,88.31999969482422,89.58000183105469,89.58000183105469,24745600,GOOGL
2022-12-22,88.16000366210938,88.54000091552734,86.31999969482422,87.76000213623047,87.76000213623047,27658300,GOOGL
2022-12-23,87.11000061035156,89.55000305175781,87.06999969482422,89.2300033569336,89.2300033569336,23003000,GOOGL
2022-12-27,88.80000305175781,88.94000244140625,87.01000213623047,87.38999938964844,87.38999938964844,20097300,GOOGL
2022-12-28,86.9800033569336,88.04000091552734,85.94000244140625,86.0199966430664,86.0199966430664,19523200,GOOGL
2022-12-29,86.62000274658203,88.8499984741211,86.61000061035156,88.44999694824219,88.44999694824219,23333500,GOOGL
2022-12-30,86.9800033569336,88.30000305175781,86.56999969482422,88.2300033569336,88.2300033569336,23986300,GOOGL
2023-01-03,89.58999633789062,91.05000305175781,88.5199966430664,89.12000274658203,89.12000274658203,28131200,GOOGL
2023-01-04,90.3499984741211,90.6500015258789,87.2699966430664,88.08000183105469,88.08000183105469,34854800,GOOGL
2023-01-05,87.47000122070312,87.56999969482422,85.9000015258789,86.19999694824219,86.19999694824219,27194400,GOOGL
2023-01-06,86.79000091552734,87.69000244140625,84.86000061035156,87.33999633789062,87.33999633789062,41381500,GOOGL
2023-01-09,88.36000061035156,90.05000305175781,87.86000061035156,88.0199966430664,88.0199966430664,29003900,GOOGL
2023-01-10,85.9800033569336,88.66999816894531,85.83000183105469,88.41999816894531,88.41999816894531,30467800,GOOGL
2023-01-11,89.18000030517578,91.5999984741211,89.01000213623047,91.5199966430664,91.5199966430664,26862000,GOOGL
2023-01-12,91.4800033569336,91.87000274658203,89.75,91.12999725341797,91.12999725341797,30258100,GOOGL
2023-01-13,90.8499984741211,92.19000244140625,90.12999725341797,92.12000274658203,92.12000274658203,26329200,GOOGL
2023-01-17,92.05999755859375,92.25,90.05000305175781,91.29000091552734,91.29000091552734,32602400,GOOGL
2023-01-18,92.13999938964844,92.80000305175781,90.63999938964844,91.12000274658203,91.12000274658203,29116700,GOOGL
2023-01-19,90.72000122070312,93.61000061035156,90.62999725341797,93.05000305175781,93.05000305175781,37000400,GOOGL
2023-01-20,95.0999984741211,98.30000305175781,95.0199966430664,98.0199966430664,98.0199966430664,63191100,GOOGL
2023-01-23,97.94999694824219,100.04000091552734,97.5,99.79000091552734,99.79000091552734,40005100,GOOGL
2023-01-24,98.0999984741211,99.61000061035156,97.19999694824219,97.69999694824219,97.69999694824219,33078500,GOOGL
2023-01-25,95.56999969482422,96.16000366210938,93.76000213623047,95.22000122070312,95.22000122070312,42330000,GOOGL
2023-01-26,96.5,97.56999969482422,95.37999725341797,97.5199966430664,97.5199966430664,30114000,GOOGL
2023-01-27,97.30999755859375,100.31999969482422,97.30999755859375,99.37000274658203,99.37000274658203,33879800,GOOGL
2023-01-30,97.4800033569336,98.29000091552734,96.4000015258789,96.94000244140625,96.94000244140625,27226200,GOOGL
2023-01-31,96.87000274658203,98.87999725341797,96.81999969482422,98.83999633789062,98.83999633789062,29870700,GOOGL
2023-02-01,98.70999908447266,101.19000244140625,97.58000183105469,100.43000030517578,100.43000030517578,35531100,GOOGL
2023-02-02,105.80000305175781,107.8499984741211,105.61000061035156,107.73999786376953,107.73999786376953,69883800,GOOGL
2023-02-03,102.93000030517578,107.80999755859375,102.58000183105469,104.77999877929688,104.77999877929688,65309300,GOOGL
2023-02-06,102.4000015258789,104.36000061035156,101.87999725341797,102.9000015258789,102.9000015258789,31999600,GOOGL
2023-02-07,103.22000122070312,108.18000030517578,103.12000274658203,107.63999938964844,107.63999938964844,49010200,GOOGL
2023-02-08,102.05000305175781,103.13999938964844,98.04000091552734,99.37000274658203,99.37000274658203,94743500,GOOGL
2023-02-09,100.0,100.02999877929688,93.62999725341797,95.01000213623047,95.01000213623047,119455000,GOOGL
2023-02-10,95.44999694824219,96.75,94.25,94.56999969482422,94.56999969482422,54980700,GOOGL
2023-02-13,94.73999786376953,95.19999694824219,93.83999633789062,94.61000061035156,94.61000061035156,50076100,GOOGL
2023-02-14,94.43000030517578,94.8499984741211,92.26000213623047,94.68000030517578,94.68000030517578,54726100,GOOGL
2023-02-15,94.48999786376953,97.12000274658203,94.1500015258789,96.94000244140625,96.94000244140625,50169000,GOOGL
2023-02-16,95.37000274658203,97.68000030517578,94.73999786376953,95.51000213623047,95.51000213623047,42462600,GOOGL
2023-02-17,94.8499984741211,95.55999755859375,93.20999908447266,94.3499984741211,94.3499984741211,34284100,GOOGL
2023-02-21,93.0,93.0999984741211,91.72000122070312,91.79000091552734,91.79000091552734,33629300,GOOGL
2023-02-22,91.69999694824219,92.11000061035156,90.61000061035156,91.6500015258789,91.6500015258789,30884000,GOOGL
2023-02-23,91.91999816894531,91.94000244140625,89.76000213623047,90.88999938964844,90.88999938964844,41206400,GOOGL
2023-02-24,89.44000244140625,89.88999938964844,88.58000183105469,89.12999725341797,89.12999725341797,36585100,GOOGL
2023-02-27,89.87000274658203,90.16000366210938,89.33999633789062,89.87000274658203,89.87000274658203,27502300,GOOGL
2023-02-28,89.33000183105469,91.2300033569336,89.31999969482422,90.05999755859375,90.05999755859375,30142000,GOOGL
2023-03-01,89.9800033569336,91.02999877929688,89.66999816894531,90.36000061035156,90.36000061035156,31111200,GOOGL
2023-03-02,89.66000366210938,92.27999877929688,89.58999633789062,92.0,92.0,32204400,GOOGL
2023-03-03,92.4800033569336,93.7300033569336,92.44999694824219,93.6500015258789,93.6500015258789,35160100,GOOGL
2023-03-06,94.0199966430664,95.97000122070312,94.0,95.12999725341797,95.12999725341797,32639300,GOOGL
2023-03-07,94.9800033569336,95.66999816894531,93.52999877929688,93.86000061035156,93.86000061035156,27835500,GOOGL
2023-03-08,94.12000274658203,95.95999908447266,94.0,94.25,94.25,34103300,GOOGL
2023-03-09,94.05000305175781,95.52999877929688,91.9000015258789,92.31999969482422,92.31999969482422,28813500,GOOGL
2023-03-10,92.16999816894531,92.79000091552734,90.4000015258789,90.62999725341797,90.62999725341797,35941000,GOOGL
2023-03-13,90.08999633789062,92.56999969482422,89.41999816894531,91.11000061035156,91.11000061035156,37335600,GOOGL
2023-03-14,92.55999755859375,94.36000061035156,92.44000244140625,93.97000122070312,93.97000122070312,36050200,GOOGL
2023-03-15,93.22000122070312,96.93000030517578,92.63999938964844,96.11000061035156,96.11000061035156,50622100,GOOGL
2023-03-16,96.19999694824219,101.19000244140625,95.5,100.31999969482422,100.31999969482422,65492000,GOOGL
2023-03-17,100.26000213623047,102.83999633789062,100.0999984741211,101.62000274658203,101.62000274658203,61028500,GOOGL
2023-03-20,100.12000274658203,101.75,99.87000274658203,101.22000122070312,101.22000122070312,32960400,GOOGL
2023-03-21,101.25,105.0999984741211,101.22000122070312,104.91999816894531,104.91999816894531,42110300,GOOGL
2023-03-22,104.2699966430664,106.58999633789062,103.33000183105469,103.37000274658203,103.37000274658203,43427400,GOOGL
2023-03-23,105.05999755859375,106.30000305175781,104.45999908447266,105.5999984741211,105.5999984741211,40797800,GOOGL
2023-03-24,104.98999786376953,105.48999786376953,103.83999633789062,105.44000244140625,105.44000244140625,30393300,GOOGL
2023-03-27,104.62000274658203,104.76000213623047,101.93000030517578,102.45999908447266,102.45999908447266,31120900,GOOGL
2023-03-28,102.44000244140625,102.44999694824219,99.73999786376953,101.02999877929688,101.02999877929688,32057900,GOOGL
2023-03-29,102.27999877929688,102.48999786376953,100.6500015258789,101.38999938964844,101.38999938964844,28779600,GOOGL
2023-03-30,100.91000366210938,101.16000366210938,99.77999877929688,100.88999938964844,100.88999938964844,33086200,GOOGL
2023-03-31,101.30000305175781,103.88999938964844,101.04000091552734,103.7300033569336,103.7300033569336,36863400,GOOGL
2023-04-03,102.38999938964844,104.52999877929688,101.93000030517578,104.36000061035156,104.36000061035156,25035400,GOOGL
2023-04-04,104.33000183105469,105.58000183105469,104.04000091552734,104.72000122070312,104.72000122070312,24420100,GOOGL
2023-04-05,105.77999877929688,106.0999984741211,103.66000366210938,104.47000122070312,104.47000122070312,28290500,GOOGL
2023-04-06,105.26000213623047,109.16999816894531,104.33000183105469,108.41999816894531,108.41999816894531,48711500,GOOGL
2023-04-10,106.9800033569336,107.58999633789062,105.12000274658203,106.44000244140625,106.44000244140625,27067400,GOOGL
2023-04-11,106.55000305175781,106.7300033569336,104.68000030517578,105.3499984741211,105.3499984741211,26311800,GOOGL
2023-04-12,106.58000183105469,106.75,104.33999633789062,104.63999938964844,104.63999938964844,24370300,GOOGL
2023-04-13,105.83999633789062,107.48999786376953,105.83999633789062,107.43000030517578,107.43000030517578,24843600,GOOGL
2023-04-14,106.88999938964844,108.94000244140625,106.83999633789062,108.87000274658203,108.87000274658203,26578000,GOOGL
2023-04-17,104.66000366210938,106.16000366210938,104.5199966430664,105.97000122070312,105.97000122070312,37571200,GOOGL
2023-04-18,106.48999786376953,106.54000091552734,104.06999969482422,104.5,104.5,26596400,GOOGL
2023-04-19,103.58000183105469,104.9800033569336,103.06999969482422,104.18000030517578,104.18000030517578,20905700,GOOGL
2023-04-20,103.91000366210938,106.25,103.87000274658203,105.29000091552734,105.29000091552734,27820800,GOOGL
2023-04-21,105.47000122070312,106.0,104.77999877929688,105.41000366210938,105.41000366210938,25800100,GOOGL
2023-04-24,105.48999786376953,106.62999725341797,104.69999694824219,105.97000122070312,105.97000122070312,23542800,GOOGL
2023-04-25,105.83000183105469,106.69000244140625,103.83999633789062,103.8499984741211,103.8499984741211,46664100,GOOGL
2023-04-26,104.91999816894531,106.3499984741211,102.62999725341797,103.70999908447266,103.70999908447266,53347600,GOOGL
2023-04-27,104.44999694824219,108.37000274658203,103.54000091552734,107.58999633789062,107.58999633789062,50089200,GOOGL
2023-04-28,107.04000091552734,107.3499984741211,105.08999633789062,107.33999633789062,107.33999633789062,36139800,GOOGL
2023-05-01,106.83999633789062,107.98999786376953,106.81999969482422,107.19999694824219,107.19999694824219,26681700,GOOGL
2023-05-02,107.13999938964844,107.19999694824219,103.70999908447266,105.31999969482422,105.31999969482422,30997200,GOOGL
2023-05-03,105.52999877929688,107.48999786376953,104.95999908447266,105.41000366210938,105.41000366210938,21795400,GOOGL
2023-05-04,105.48999786376953,105.5999984741211,103.97000122070312,104.69000244140625,104.69000244140625,23419500,GOOGL
2023-05-05,104.81999969482422,105.87999725341797,104.11000061035156,105.56999969482422,105.56999969482422,26625100,GOOGL
2023-05-08,105.18000030517578,107.95999908447266,105.16000366210938,107.7699966430664,107.7699966430664,26511400,GOOGL
2023-05-09,108.38999938964844,110.1500015258789,107.19000244140625,107.3499984741211,107.3499984741211,36360100,GOOGL
2023-05-10,107.97000122070312,112.94000244140625,107.93000030517578,111.75,111.75,63153400,GOOGL
2023-05-11,115.4000015258789,117.91999816894531,114.41000366210938,116.56999969482422,116.56999969482422,78900000,GOOGL
2023-05-12,116.68000030517578,118.02999877929688,116.11000061035156,117.51000213623047,117.51000213623047,41073800,GOOGL
2023-05-15,116.11000061035156,118.4800033569336,116.01000213623047,116.51000213623047,116.51000213623047,36266800,GOOGL
2023-05-16,116.48999786376953,120.75,116.43000030517578,119.51000213623047,119.51000213623047,45035600,GOOGL
2023-05-17,119.61000061035156,121.66999816894531,118.88999938964844,120.83999633789062,120.83999633789062,33323600,GOOGL
2023-05-18,120.94999694824219,123.30999755859375,120.83000183105469,122.83000183105469,122.83000183105469,35234200,GOOGL
2023-05-19,123.55000305175781,125.97000122070312,122.1500015258789,122.76000213623047,122.76000213623047,41330300,GOOGL
2023-05-22,122.94000244140625,126.43000030517578,122.73999786376953,125.05000305175781,125.05000305175781,35253000,GOOGL
2023-05-23,124.16000366210938,124.62999725341797,122.20999908447266,122.55999755859375,122.55999755859375,34046300,GOOGL
2023-05-24,121.12000274658203,121.91000366210938,119.86000061035156,120.9000015258789,120.9000015258789,34182600,GOOGL
2023-05-25,124.5199966430664,125.31999969482422,121.95999908447266,123.4800033569336,123.4800033569336,42317000,GOOGL
2023-05-26,123.16999816894531,125.26000213623047,122.44999694824219,124.61000061035156,124.61000061035156,35635900,GOOGL
2023-05-30,125.63999938964844,125.66000366210938,122.0,123.66999816894531,123.66999816894531,35076700,GOOGL
2023-05-31,122.75,124.05999755859375,122.5,122.87000274658203,122.87000274658203,37325800,GOOGL
2023-06-01,122.81999969482422,124.41999816894531,122.62000274658203,123.72000122070312,123.72000122070312,30772700,GOOGL
2023-06-02,123.98999786376953,126.1500015258789,123.76000213623047,124.66999816894531,124.66999816894531,26963100,GOOGL
2023-06-05,124.01000213623047,127.43000030517578,123.83999633789062,126.01000213623047,126.01000213623047,32305500,GOOGL
2023-06-06,126.01000213623047,128.2899932861328,125.36000061035156,127.30999755859375,127.30999755859375,26638300,GOOGL
2023-06-07,126.97000122070312,129.0399932861328,122.12000274658203,122.5,122.5,52539000,GOOGL
2023-06-08,122.2300033569336,123.2300033569336,121.23999786376953,122.13999938964844,122.13999938964844,29389200,GOOGL
2023-06-09,122.25,123.76000213623047,121.91000366210938,122.2300033569336,122.2300033569336,23762500,GOOGL
2023-06-12,122.79000091552734,124.05000305175781,121.66000366210938,123.63999938964844,123.63999938964844,28306400,GOOGL
2023-06-13,124.9800033569336,125.16000366210938,123.18000030517578,123.83000183105469,123.83000183105469,22278300,GOOGL
2023-06-14,123.0999984741211,124.05000305175781,121.44999694824219,123.66999816894531,123.66999816894531,30592300,GOOGL
2023-06-15,123.13999938964844,125.45999908447266,122.4000015258789,125.08999633789062,125.08999633789062,35246300,GOOGL
2023-06-16,125.93000030517578,126.11000061035156,123.27999877929688,123.52999877929688,123.52999877929688,45514000,GOOGL
2023-06-20,122.93000030517578,124.56999969482422,122.13999938964844,123.0999984741211,123.0999984741211,26097500,GOOGL
2023-06-21,122.4000015258789,122.66000366210938,120.0999984741211,120.55000305175781,120.55000305175781,30306300,GOOGL
2023-06-22,120.0,123.23999786376953,118.83000183105469,123.1500015258789,123.1500015258789,26952200,GOOGL
2023-06-23,121.37999725341797,122.79000091552734,121.05999755859375,122.33999633789062,122.33999633789062,34885300,GOOGL
2023-06-26,120.76000213623047,122.0,118.2699966430664,118.33999633789062,118.33999633789062,33969900,GOOGL
2023-06-27,117.08000183105469,119.08000183105469,116.0999984741211,118.33000183105469,118.33000183105469,39535900,GOOGL
2023-06-28,117.08999633789062,120.38999938964844,116.8499984741211,120.18000030517578,120.18000030517578,27091400,GOOGL
2023-06-29,119.23999786376953,120.05999755859375,118.30000305175781,119.0999984741211,119.0999984741211,24090900,GOOGL
2023-06-30,120.16999816894531,121.08000183105469,119.69000244140625,119.69999694824219,119.69999694824219,29519700,GOOGL
2023-07-03,119.23999786376953,120.19000244140625,118.81999969482422,119.9000015258789,119.9000015258789,14467900,GOOGL
2023-07-05,119.23999786376953,122.61000061035156,119.2300033569336,121.75,121.75,27584800,GOOGL
2023-07-06,119.80000305175781,120.30000305175781,118.4000015258789,120.11000061035156,120.11000061035156,24745200,GOOGL
2023-07-07,120.0999984741211,121.05000305175781,119.4000015258789,119.4800033569336,119.4800033569336,21692600,GOOGL
2023-07-10,118.30000305175781,118.30999755859375,116.13999938964844,116.44999694824219,116.44999694824219,35315200,GOOGL
2023-07-11,116.29000091552734,117.70999908447266,115.3499984741211,117.13999938964844,117.13999938964844,23078800,GOOGL
2023-07-12,118.80000305175781,120.33000183105469,118.41000366210938,118.93000030517578,118.93000030517578,30404400,GOOGL
2023-07-13,120.93000030517578,124.83000183105469,120.44999694824219,124.54000091552734,124.54000091552734,44297900,GOOGL
2023-07-14,124.80000305175781,126.77999877929688,123.48999786376953,125.41999816894531,125.41999816894531,33266800,GOOGL
2023-07-17,125.94000244140625,127.0999984741211,124.19999694824219,124.6500015258789,124.6500015258789,25716200,GOOGL
2023-07-18,124.5999984741211,124.68000030517578,122.95999908447266,123.76000213623047,123.76000213623047,26226400,GOOGL
2023-07-19,124.5999984741211,125.18000030517578,121.80000305175781,122.02999877929688,122.02999877929688,37224000,GOOGL
2023-07-20,121.41999816894531,124.08999633789062,118.22000122070312,119.19999694824219,119.19999694824219,37906800,GOOGL
2023-07-21,120.62000274658203,120.98999786376953,118.7300033569336,120.0199966430664,120.0199966430664,72937900,GOOGL
2023-07-24,121.66000366210938,123.0,120.9800033569336,121.52999877929688,121.52999877929688,29686100,GOOGL
2023-07-25,121.36000061035156,123.1500015258789,121.0199966430664,122.20999908447266,122.20999908447266,52509600,GOOGL
2023-07-26,130.07000732421875,130.97999572753906,128.32000732421875,129.27000427246094,129.27000427246094,61682100,GOOGL
2023-07-27,131.6699981689453,133.24000549316406,128.7899932861328,129.39999389648438,129.39999389648438,44952100,GOOGL
2023-07-28,130.77999877929688,133.74000549316406,130.57000732421875,132.5800018310547,132.5800018310547,36591200,GOOGL
2023-07-31,132.72999572753906,133.52999877929688,131.77999877929688,132.72000122070312,132.72000122070312,28055500,GOOGL
2023-08-01,130.77999877929688,132.6300048828125,130.67999267578125,131.5500030517578,131.5500030517578,23166800,GOOGL
2023-08-02,129.4499969482422,130.08999633789062,127.55999755859375,128.3800048828125,128.3800048828125,26273300,GOOGL
2023-08-03,127.97000122070312,129.38999938964844,127.41999816894531,128.4499969482422,128.4499969482422,20089500,GOOGL
2023-08-04,129.27999877929688,131.50999450683594,127.91000366210938,128.11000061035156,128.11000061035156,26130000,GOOGL
2023-08-07,129.16000366210938,131.61000061035156,129.02000427246094,131.52999877929688,131.52999877929688,22746300,GOOGL
2023-08-08,130.6199951171875,131.50999450683594,129.5399932861328,131.39999389648438,131.39999389648438,23535200,GOOGL
2023-08-09,131.66000366210938,132.0399932861328,129.0,129.66000366210938,129.66000366210938,24912900,GOOGL
2023-08-10,131.32000732421875,132.0500030517578,129.4499969482422,129.69000244140625,129.69000244140625,20857800,GOOGL
2023-08-11,128.66000366210938,129.92999267578125,128.1699981689453,129.55999755859375,129.55999755859375,19569200,GOOGL
2023-08-14,129.38999938964844,131.3699951171875,128.9600067138672,131.3300018310547,131.3300018310547,24695600,GOOGL
2023-08-15,131.10000610351562,131.4199981689453,129.27999877929688,129.77999877929688,129.77999877929688,19770700,GOOGL
2023-08-16,128.6999969482422,130.27999877929688,127.87000274658203,128.6999969482422,128.6999969482422,25216100,GOOGL
2023-08-17,129.8000030517578,131.99000549316406,129.2899932861328,129.9199981689453,129.9199981689453,33446300,GOOGL
2023-08-18,128.50999450683594,129.25,126.37999725341797,127.45999908447266,127.45999908447266,30491300,GOOGL
2023-08-21,127.18000030517578,128.72999572753906,126.55999755859375,128.3699951171875,128.3699951171875,25248700,GOOGL
2023-08-22,128.50999450683594,130.27999877929688,128.32000732421875,129.0800018310547,129.0800018310547,22067500,GOOGL
2023-08-23,130.17999267578125,133.41000366210938,129.8699951171875,132.3699951171875,132.3699951171875,27819700,GOOGL
2023-08-24,133.9499969482422,134.25,129.57000732421875,129.77999877929688,129.77999877929688,28500700,GOOGL
2023-08-25,129.5399932861328,130.75999450683594,127.25,129.8800048828125,129.8800048828125,26762900,GOOGL
2023-08-28,131.30999755859375,132.5399932861328,130.13999938964844,131.00999450683594,131.00999450683594,20543300,GOOGL
2023-08-29,132.24000549316406,136.57000732421875,132.24000549316406,134.57000732421875,134.57000732421875,43075600,GOOGL
2023-08-30,134.77999877929688,136.27999877929688,134.07000732421875,135.8800048828125,135.8800048828125,28315800,GOOGL
2023-08-31,136.00999450683594,138.0,135.7899932861328,136.1699981689453,136.1699981689453,30053800,GOOGL
2023-09-01,137.4600067138672,137.4600067138672,134.85000610351562,135.66000366210938,135.66000366210938,21524600,GOOGL
2023-09-05,135.44000244140625,136.4199981689453,134.5800018310547,135.77000427246094,135.77000427246094,19403100,GOOGL
2023-09-06,136.02000427246094,136.52999877929688,133.6699981689453,134.4600067138672,134.4600067138672,18684500,GOOGL
2023-09-07,133.58999633789062,135.5800018310547,132.9499969482422,135.25999450683594,135.25999450683594,18844300,GOOGL
2023-09-08,134.91000366210938,136.64999389648438,134.85000610351562,136.3800048828125,136.3800048828125,23547544,GOOGL
2022-09-09,229.6199951171875,234.77999877929688,229.6199951171875,233.57000732421875,233.57000732421875,6699600,NFLX
2022-09-12,233.61000061035156,239.49000549316406,233.3699951171875,236.52999877929688,236.52999877929688,6047400,NFLX
2022-09-13,226.5,227.69000244140625,217.72000122070312,218.1300048828125,218.1300048828125,8000100,NFLX
2022-09-14,219.82000732421875,228.0,215.8000030517578,224.1199951171875,224.1199951171875,8230300,NFLX
2022-09-15,230.47000122070312,242.2899932861328,229.10000610351562,235.3800048828125,235.3800048828125,19454100,NFLX
2022-09-16,231.22000122070312,241.36000061035156,227.8300018310547,240.1300048828125,240.1300048828125,18914200,NFLX
2022-09-19,245.0500030517578,245.25,235.75,243.6300048828125,243.6300048828125,17912400,NFLX
2022-09-20,240.3699951171875,250.49000549316406,239.66000366210938,242.85000610351562,242.85000610351562,16037400,NFLX
2022-09-21,242.6699981689453,248.3000030517578,236.67999267578125,236.8699951171875,236.8699951171875,9166800,NFLX
2022-09-22,235.35000610351562,240.5,231.66000366210938,237.0500030517578,237.0500030517578,10018000,NFLX
2022-09-23,235.13999938964844,236.4499969482422,221.42999267578125,226.41000366210938,226.41000366210938,11207200,NFLX
2022-09-26,225.60000610351562,232.6999969482422,223.00999450683594,224.07000732421875,224.07000732421875,8234300,NFLX
2022-09-27,228.6300048828125,230.63999938964844,220.72000122070312,224.36000061035156,224.36000061035156,7762200,NFLX
2022-09-28,229.69000244140625,246.64999389648438,227.3800048828125,245.1999969482422,245.1999969482422,17579700,NFLX
2022-09-29,241.61000061035156,246.97999572753906,235.67999267578125,239.7100067138672,239.7100067138672,18994900,NFLX
2022-09-30,237.0,242.44000244140625,233.25999450683594,235.44000244140625,235.44000244140625,11848600,NFLX
2022-10-03,237.85000610351562,241.5399932861328,232.85000610351562,239.0399932861328,239.0399932861328,8657400,NFLX
2022-10-04,244.83999633789062,245.8000030517578,233.25,240.74000549316406,240.74000549316406,13925900,NFLX
2022-10-05,238.75999450683594,241.58999633789062,227.3800048828125,236.72999572753906,236.72999572753906,10825600,NFLX
2022-10-06,236.67999267578125,244.27999877929688,233.91000366210938,240.02000427246094,240.02000427246094,9188900,NFLX
2022-10-07,235.77000427246094,237.3300018310547,224.27999877929688,224.75,224.75,9806100,NFLX
2022-10-10,225.63999938964844,233.8300018310547,224.22999572753906,229.97999572753906,229.97999572753906,9991100,NFLX
2022-10-11,226.0500030517578,230.44000244140625,213.6999969482422,214.2899932861328,214.2899932861328,15282400,NFLX
2022-10-12,214.3000030517578,223.6699981689453,212.63999938964844,220.8699951171875,220.8699951171875,12952600,NFLX
2022-10-13,212.69000244140625,234.47000122070312,211.72999572753906,232.50999450683594,232.50999450683594,17505000,NFLX
2022-10-14,237.8000030517578,238.8000030517578,229.50999450683594,230.0,230.0,15293400,NFLX
2022-10-17,234.41000366210938,249.9199981689453,234.39999389648438,245.10000610351562,245.10000610351562,21057800,NFLX
2022-10-18,249.8000030517578,250.3699951171875,237.72999572753906,240.86000061035156,240.86000061035156,25776700,NFLX
2022-10-19,265.0,279.29998779296875,262.6600036621094,272.3800048828125,272.3800048828125,46685300,NFLX
2022-10-20,272.7799987792969,278.3800048828125,266.3800048828125,268.1600036621094,268.1600036621094,17207100,NFLX
2022-10-21,268.95001220703125,290.75,265.67999267578125,289.57000732421875,289.57000732421875,24889100,NFLX
2022-10-24,290.2300109863281,290.489990234375,280.3599853515625,282.45001220703125,282.45001220703125,13326400,NFLX
2022-10-25,286.95001220703125,297.5899963378906,285.54998779296875,291.0199890136719,291.0199890136719,15100700,NFLX
2022-10-26,290.0400085449219,305.6300048828125,288.0400085449219,298.6199951171875,298.6199951171875,15714100,NFLX
2022-10-27,298.3299865722656,305.2099914550781,294.7799987792969,296.94000244140625,296.94000244140625,14612600,NFLX
2022-10-28,297.70001220703125,301.19000244140625,292.2900085449219,295.7200012207031,295.7200012207031,9960500,NFLX
2022-10-31,295.1300048828125,297.6199951171875,289.5,291.8800048828125,291.8800048828125,7505100,NFLX
2022-11-01,296.1700134277344,299.70001220703125,286.4200134277344,286.75,286.75,6916400,NFLX
2022-11-02,286.3999938964844,287.3299865722656,272.8399963378906,273.0,273.0,10367600,NFLX
2022-11-03,271.25,276.2900085449219,268.79998779296875,269.05999755859375,269.05999755859375,7057400,NFLX
2022-11-04,272.0199890136719,274.9700012207031,255.32000732421875,260.7900085449219,260.7900085449219,11124700,NFLX
2022-11-07,261.05999755859375,261.1499938964844,252.08999633789062,258.6000061035156,258.6000061035156,7927000,NFLX
2022-11-08,259.9200134277344,266.0799865722656,256.8800048828125,263.4599914550781,263.4599914550781,7683800,NFLX
2022-11-09,259.6600036621094,260.8999938964844,254.22000122070312,254.66000366210938,254.66000366210938,7266000,NFLX
2022-11-10,265.989990234375,275.3599853515625,260.0899963378906,274.9700012207031,274.9700012207031,9667300,NFLX
2022-11-11,274.4700012207031,290.6600036621094,271.55999755859375,290.1300048828125,290.1300048828125,9573800,NFLX
2022-11-14,290.0,311.0,288.19000244140625,299.2699890136719,299.2699890136719,17978200,NFLX
2022-11-15,309.20001220703125,312.7099914550781,302.54998779296875,310.20001220703125,310.20001220703125,14626900,NFLX
2022-11-16,309.94000244140625,310.489990234375,303.6099853515625,306.0199890136719,306.0199890136719,8038600,NFLX
2022-11-17,294.7200012207031,299.82000732421875,291.0,295.2799987792969,295.2799987792969,9838200,NFLX
2022-11-18,297.3299865722656,298.0,287.0,287.9800109863281,287.9800109863281,8400100,NFLX
2022-11-21,291.0,291.8699951171875,282.6600036621094,285.04998779296875,285.04998779296875,7256500,NFLX
2022-11-22,284.989990234375,286.9800109863281,277.3399963378906,286.69000244140625,286.69000244140625,6245100,NFLX
2022-11-23,285.9100036621094,292.4700012207031,283.760009765625,291.5,291.5,5919000,NFLX
2022-11-25,289.0,289.2099914550781,284.1700134277344,285.5400085449219,285.5400085449219,3236000,NFLX
2022-11-28,284.0,289.54998779296875,280.5299987792969,281.1700134277344,281.1700134277344,4703400,NFLX
2022-11-29,282.5,282.9599914550781,275.94000244140625,280.9599914550781,280.9599914550781,5786900,NFLX
2022-11-30,281.3699951171875,308.260009765625,280.4100036621094,305.5299987792969,305.5299987792969,16070100,NFLX
2022-12-01,303.989990234375,319.79998779296875,303.0299987792969,316.95001220703125,316.95001220703125,14664900,NFLX
2022-12-02,310.489990234375,321.989990234375,310.0,320.4100036621094,320.4100036621094,12690600,NFLX
2022-12-05,316.4599914550781,322.7699890136719,310.9200134277344,312.5899963378906,312.5899963378906,8423000,NFLX
2022-12-06,311.0,313.2200012207031,303.1300048828125,305.55999755859375,305.55999755859375,7195400,NFLX
2022-12-07,306.5,309.6099853515625,302.1000061035156,308.4200134277344,308.4200134277344,7821600,NFLX
2022-12-08,309.1099853515625,312.3800048828125,304.80999755859375,310.260009765625,310.260009765625,7205300,NFLX
2022-12-09,321.45001220703125,329.0,319.5199890136719,320.010009765625,320.010009765625,14364000,NFLX
2022-12-12,320.0,323.17999267578125,308.8500061035156,315.17999267578125,315.17999267578125,10148600,NFLX
2022-12-13,328.0,332.7200012207031,317.20001220703125,320.3399963378906,320.3399963378906,10756400,NFLX
2022-12-14,318.9700012207031,324.7099914550781,314.4200134277344,317.8299865722656,317.8299865722656,7543300,NFLX
2022-12-15,302.1199951171875,303.3900146484375,286.54998779296875,290.4100036621094,290.4100036621094,17724600,NFLX
2022-12-16,288.760009765625,294.7200012207031,288.70001220703125,290.7099914550781,290.7099914550781,14080000,NFLX
2022-12-19,289.7300109863281,292.25,286.1300048828125,288.29998779296875,288.29998779296875,6163700,NFLX
2022-12-20,281.239990234375,289.2799987792969,280.80999755859375,288.19000244140625,288.19000244140625,6918100,NFLX
2022-12-21,289.989990234375,300.6600036621094,286.5,297.9599914550781,297.9599914550781,6376200,NFLX
2022-12-22,298.0899963378906,298.8800048828125,290.80999755859375,297.75,297.75,7856200,NFLX
2022-12-23,296.17999267578125,298.4599914550781,291.9100036621094,294.9599914550781,294.9599914550781,4251100,NFLX
2022-12-27,293.19000244140625,293.57000732421875,282.1300048828125,284.1700134277344,284.1700134277344,5778100,NFLX
2022-12-28,281.9200134277344,285.19000244140625,273.4100036621094,276.8800048828125,276.8800048828125,5964400,NFLX
2022-12-29,283.17999267578125,295.5,281.010009765625,291.1199951171875,291.1199951171875,9588500,NFLX
2022-12-30,285.5299987792969,295.010009765625,283.2200012207031,294.8800048828125,294.8800048828125,7566900,NFLX
2023-01-03,298.05999755859375,298.3900146484375,288.70001220703125,294.95001220703125,294.95001220703125,6764000,NFLX
2023-01-04,298.239990234375,311.1400146484375,295.510009765625,309.4100036621094,309.4100036621094,9345100,NFLX
2023-01-05,307.0,314.17999267578125,304.54998779296875,309.70001220703125,309.70001220703125,8328400,NFLX
2023-01-06,311.57000732421875,316.7699890136719,303.69000244140625,315.54998779296875,315.54998779296875,8959800,NFLX
2023-01-09,316.8299865722656,321.70001220703125,313.2200012207031,315.1700134277344,315.1700134277344,6766600,NFLX
2023-01-10,311.07000732421875,329.3500061035156,311.07000732421875,327.5400085449219,327.5400085449219,13072300,NFLX
2023-01-11,326.5,328.8800048828125,321.3500061035156,327.260009765625,327.260009765625,9579700,NFLX
2023-01-12,332.5,332.95001220703125,323.1400146484375,330.1300048828125,330.1300048828125,10856200,NFLX
2023-01-13,329.9700012207031,336.6499938964844,328.8900146484375,332.82000732421875,332.82000732421875,8286800,NFLX
2023-01-17,331.0799865722656,332.5,323.6000061035156,326.2200012207031,326.2200012207031,9247000,NFLX
2023-01-18,326.75,330.0799865722656,321.25,326.3299865722656,326.3299865722656,7814100,NFLX
2023-01-19,322.57000732421875,324.8900146484375,313.3900146484375,315.7799987792969,315.7799987792969,18008200,NFLX
2023-01-20,336.7900085449219,344.0,332.6300048828125,342.5,342.5,28430300,NFLX
2023-01-23,341.7200012207031,362.25,340.6300048828125,357.4200134277344,357.4200134277344,15646900,NFLX
2023-01-24,357.5299987792969,365.6499938964844,355.1400146484375,363.8299865722656,363.8299865722656,11796500,NFLX
2023-01-25,360.57000732421875,368.8999938964844,358.5,367.9599914550781,367.9599914550781,7766900,NFLX
2023-01-26,368.7699890136719,369.0199890136719,361.70001220703125,364.8699951171875,364.8699951171875,8256800,NFLX
2023-01-27,363.20001220703125,365.9200134277344,360.5899963378906,360.7699890136719,360.7699890136719,6703500,NFLX
2023-01-30,358.44000244140625,360.95001220703125,352.8599853515625,353.1099853515625,353.1099853515625,5127600,NFLX
2023-01-31,349.9800109863281,355.95001220703125,348.7099914550781,353.8599853515625,353.8599853515625,5660700,NFLX
2023-02-01,353.8599853515625,365.3900146484375,349.9100036621094,361.989990234375,361.989990234375,8005200,NFLX
2023-02-02,365.1600036621094,368.32000732421875,358.42999267578125,366.8900146484375,366.8900146484375,7857000,NFLX
2023-02-03,359.0799865722656,379.42999267578125,359.0,365.8999938964844,365.8999938964844,9402000,NFLX
2023-02-06,363.6400146484375,368.45001220703125,360.67999267578125,361.4800109863281,361.4800109863281,4994900,NFLX
2023-02-07,358.510009765625,364.17999267578125,354.17999267578125,362.95001220703125,362.95001220703125,6289400,NFLX
2023-02-08,360.0199890136719,368.19000244140625,358.30999755859375,366.8299865722656,366.8299865722656,6253200,NFLX
2023-02-09,372.4100036621094,373.8299865722656,361.739990234375,362.5,362.5,6901100,NFLX
2023-02-10,359.1600036621094,362.1400146484375,347.1400146484375,347.3599853515625,347.3599853515625,7291100,NFLX
2023-02-13,349.5,359.70001220703125,344.25,358.57000732421875,358.57000732421875,7134400,NFLX
2023-02-14,357.54998779296875,363.75,353.3999938964844,359.9599914550781,359.9599914550781,4624800,NFLX
2023-02-15,356.6300048828125,362.8800048828125,354.239990234375,361.4200134277344,361.4200134277344,3966000,NFLX
2023-02-16,355.0,361.5,350.30999755859375,350.7099914550781,350.7099914550781,5215700,NFLX
2023-02-17,347.9100036621094,349.0,342.44000244140625,347.9599914550781,347.9599914550781,5294700,NFLX
2023-02-21,342.8500061035156,344.1300048828125,336.4200134277344,337.5,337.5,5710300,NFLX
2023-02-22,337.5,341.9100036621094,332.82000732421875,334.8800048828125,334.8800048828125,4546200,NFLX
2023-02-23,331.2300109863281,331.2799987792969,314.29998779296875,323.6499938964844,323.6499938964844,13238700,NFLX
2023-02-24,319.29998779296875,321.5,314.5199890136719,317.1499938964844,317.1499938964844,6830700,NFLX
2023-02-27,323.8699951171875,330.0,322.1199951171875,323.0299987792969,323.0299987792969,6142600,NFLX
2023-02-28,323.70001220703125,327.6199951171875,321.1700134277344,322.1300048828125,322.1300048828125,3676100,NFLX
2023-03-01,321.54998779296875,326.6000061035156,312.3599853515625,313.4800109863281,313.4800109863281,4911300,NFLX
2023-03-02,310.9599914550781,315.57000732421875,310.3800048828125,311.8800048828125,311.8800048828125,4911000,NFLX
2023-03-03,315.45001220703125,317.489990234375,310.82000732421875,315.17999267578125,315.17999267578125,5953300,NFLX
2023-03-06,317.0,323.29998779296875,311.8399963378906,312.0299987792969,312.0299987792969,5660700,NFLX
2023-03-07,312.67999267578125,314.29998779296875,306.6199951171875,308.4700012207031,308.4700012207031,4553100,NFLX
2023-03-08,309.2900085449219,311.8299865722656,305.75,311.7900085449219,311.7900085449219,3479500,NFLX
2023-03-09,312.0799865722656,312.510009765625,294.8800048828125,297.7799987792969,297.7799987792969,7443400,NFLX
2023-03-10,297.8999938964844,298.7900085449219,289.0,292.760009765625,292.760009765625,5759300,NFLX
2023-03-13,287.3399963378906,299.239990234375,285.3299865722656,293.510009765625,293.510009765625,6292400,NFLX
2023-03-14,295.9700012207031,297.45001220703125,290.30999755859375,294.94000244140625,294.94000244140625,5956700,NFLX
2023-03-15,292.510009765625,306.30999755859375,292.2799987792969,303.7900085449219,303.7900085449219,9215300,NFLX
2023-03-16,304.75,316.6000061035156,301.7099914550781,310.05999755859375,310.05999755859375,7903700,NFLX
2023-03-17,310.05999755859375,310.760009765625,300.0,303.5,303.5,6918800,NFLX
2023-03-20,299.7900085449219,307.5,296.0,305.1300048828125,305.1300048828125,5113400,NFLX
2023-03-21,306.32000732421875,307.9200134277344,300.42999267578125,305.7900085449219,305.7900085449219,4886300,NFLX
2023-03-22,306.30999755859375,306.45001220703125,293.5400085449219,293.8999938964844,293.8999938964844,5808000,NFLX
2023-03-23,304.67999267578125,322.7799987792969,304.1400146484375,320.3699951171875,320.3699951171875,15653300,NFLX
2023-03-24,320.6300048828125,331.8299865722656,320.6300048828125,328.3900146484375,328.3900146484375,12991700,NFLX
2023-03-27,327.54998779296875,336.44000244140625,324.4100036621094,327.6600036621094,327.6600036621094,8625800,NFLX
2023-03-28,326.05999755859375,333.32000732421875,321.2799987792969,323.5199890136719,323.5199890136719,6489400,NFLX
2023-03-29,326.2900085449219,332.8500061035156,325.7300109863281,332.0299987792969,332.0299987792969,6287300,NFLX
2023-03-30,340.2699890136719,343.2900085449219,335.29998779296875,338.42999267578125,338.42999267578125,7131500,NFLX
2023-03-31,340.04998779296875,345.8399963378906,337.20001220703125,345.4800109863281,345.4800109863281,5610200,NFLX
2023-04-03,341.8299865722656,348.5799865722656,340.3999938964844,348.2799987792969,348.2799987792969,4413700,NFLX
2023-04-04,348.489990234375,349.79998779296875,343.95001220703125,346.75,346.75,3298100,NFLX
2023-04-05,345.29998779296875,345.42999267578125,336.25,342.3500061035156,342.3500061035156,4205500,NFLX
2023-04-06,339.3399963378906,340.4800109863281,332.6300048828125,339.3299865722656,339.3299865722656,4660500,NFLX
2023-04-10,335.2699890136719,339.8800048828125,333.3599853515625,338.989990234375,338.989990234375,2657900,NFLX
2023-04-11,343.45001220703125,347.1400146484375,337.6400146484375,338.2099914550781,338.2099914550781,4044800,NFLX
2023-04-12,340.80999755859375,342.79998779296875,330.0400085449219,331.0299987792969,331.0299987792969,3965400,NFLX
2023-04-13,339.989990234375,346.42999267578125,338.75,346.19000244140625,346.19000244140625,7406400,NFLX
2023-04-14,342.94000244140625,344.8500061035156,336.4100036621094,338.6300048828125,338.6300048828125,5350500,NFLX
2023-04-17,338.0,338.3900146484375,327.5,332.7200012207031,332.7200012207031,6136000,NFLX
2023-04-18,335.0,337.19000244140625,330.5,333.70001220703125,333.70001220703125,17944500,NFLX
2023-04-19,324.2099914550781,325.75,316.1000061035156,323.1199951171875,323.1199951171875,22128300,NFLX
2023-04-20,320.3900146484375,331.42999267578125,318.3299865722656,325.3500061035156,325.3500061035156,9947800,NFLX
2023-04-21,323.0,328.2900085449219,319.5,327.9800109863281,327.9800109863281,6348000,NFLX
2023-04-24,330.20001220703125,334.6600036621094,326.75,329.0199890136719,329.0199890136719,5586600,NFLX
2023-04-25,328.5,328.6600036621094,321.1000061035156,322.54998779296875,322.54998779296875,5426600,NFLX
2023-04-26,321.3599853515625,325.8999938964844,320.4700012207031,321.1499938964844,321.1499938964844,4623200,NFLX
2023-04-27,324.29998779296875,327.45001220703125,317.44000244140625,325.8500061035156,325.8500061035156,5618800,NFLX
2023-04-28,325.239990234375,330.80999755859375,324.0,329.92999267578125,329.92999267578125,4221900,NFLX
2023-05-01,329.44000244140625,331.2300109863281,318.0899963378906,324.1199951171875,324.1199951171875,5341500,NFLX
2023-05-02,325.0,326.07000732421875,315.6199951171875,317.54998779296875,317.54998779296875,4318600,NFLX
2023-05-03,317.54998779296875,324.6199951171875,315.8500061035156,319.29998779296875,319.29998779296875,5064100,NFLX
2023-05-04,319.010009765625,323.6099853515625,317.95001220703125,320.7799987792969,320.7799987792969,3879700,NFLX
2023-05-05,323.6099853515625,324.1499938964844,319.44000244140625,322.760009765625,322.760009765625,3988600,NFLX
2023-05-08,322.989990234375,332.55999755859375,322.0299987792969,331.2099914550781,331.2099914550781,5488600,NFLX
2023-05-09,330.6700134277344,336.32000732421875,329.739990234375,332.1400146484375,332.1400146484375,5544900,NFLX
2023-05-10,335.2099914550781,337.1099853515625,329.510009765625,335.4200134277344,335.4200134277344,4289900,NFLX
2023-05-11,334.9800109863281,345.4700012207031,331.8399963378906,344.760009765625,344.760009765625,8033500,NFLX
2023-05-12,344.760009765625,348.1700134277344,337.3599853515625,339.8900146484375,339.8900146484375,6079900,NFLX
2023-05-15,340.6199951171875,341.8999938964844,335.5400085449219,335.8900146484375,335.8900146484375,3653000,NFLX
2023-05-16,334.0,335.1700134277344,331.9100036621094,333.75,333.75,3332200,NFLX
2023-05-17,331.760009765625,341.3800048828125,329.6199951171875,339.9599914550781,339.9599914550781,3958800,NFLX
2023-05-18,347.25,375.8699951171875,346.3699951171875,371.2900085449219,371.2900085449219,20925200,NFLX
2023-05-19,369.8599853515625,369.989990234375,363.80999755859375,365.3599853515625,365.3599853515625,7850900,NFLX
2023-05-22,365.3599853515625,372.010009765625,362.5,363.010009765625,363.010009765625,5406400,NFLX
2023-05-23,360.239990234375,364.1700134277344,354.30999755859375,355.989990234375,355.989990234375,6866100,NFLX
2023-05-24,356.92999267578125,367.1499938964844,356.6300048828125,364.8500061035156,364.8500061035156,7973300,NFLX
2023-05-25,359.6099853515625,367.45001220703125,357.4200134277344,359.0,359.0,6263100,NFLX
2023-05-26,361.1000061035156,383.760009765625,356.0,378.8800048828125,378.8800048828125,9360400,NFLX
2023-05-30,397.4800109863281,405.1099853515625,385.7900085449219,392.9800109863281,392.9800109863281,10865000,NFLX
2023-05-31,391.8900146484375,396.260009765625,388.9100036621094,395.2300109863281,395.2300109863281,6988000,NFLX
2023-06-01,397.4100036621094,407.5199890136719,393.0799865722656,403.1300048828125,403.1300048828125,7160100,NFLX
2023-06-02,402.8900146484375,406.5799865722656,395.8999938964844,400.4700012207031,400.4700012207031,5897300,NFLX
2023-06-05,400.4700012207031,413.8599853515625,400.1499938964844,403.5400085449219,403.5400085449219,7247400,NFLX
2023-06-06,405.0,405.1199951171875,396.92999267578125,399.2900085449219,399.2900085449219,4991500,NFLX
2023-06-07,410.42999267578125,418.95001220703125,399.2300109863281,399.7699890136719,399.7699890136719,11932400,NFLX
2023-06-08,399.7699890136719,409.5400085449219,396.3399963378906,409.3699951171875,409.3699951171875,5991100,NFLX
2023-06-09,424.5,425.8999938964844,414.760009765625,420.0199890136719,420.0199890136719,12363000,NFLX
2023-06-12,418.8299865722656,424.70001220703125,416.57000732421875,423.9700012207031,423.9700012207031,5959500,NFLX
2023-06-13,430.010009765625,437.2699890136719,428.3999938964844,435.7300109863281,435.7300109863281,7820500,NFLX
2023-06-14,434.989990234375,447.3299865722656,433.5,440.8599853515625,440.8599853515625,8413100,NFLX
2023-06-15,444.1000061035156,448.6499938964844,439.5,445.2699890136719,445.2699890136719,7099900,NFLX
2023-06-16,446.1499938964844,447.510009765625,430.8999938964844,431.9599914550781,431.9599914550781,8745500,NFLX
2023-06-20,430.17999267578125,440.0,430.0,434.70001220703125,434.70001220703125,4756000,NFLX
2023-06-21,432.6499938964844,434.54998779296875,422.5400085449219,424.45001220703125,424.45001220703125,5146400,NFLX
2023-06-22,422.92999267578125,424.7099914550781,418.67999267578125,422.4800109863281,422.4800109863281,4869500,NFLX
2023-06-23,418.5899963378906,425.82000732421875,417.7300109863281,424.0199890136719,424.0199890136719,8293900,NFLX
2023-06-26,422.44000244140625,430.9599914550781,414.8999938964844,415.94000244140625,415.94000244140625,4640000,NFLX
2023-06-27,417.3900146484375,420.8800048828125,411.5,417.0799865722656,417.0799865722656,4818100,NFLX
2023-06-28,423.1000061035156,437.2900085449219,422.8900146484375,429.8399963378906,429.8399963378906,8811300,NFLX
2023-06-29,434.3299865722656,437.8500061035156,426.1499938964844,428.239990234375,428.239990234375,4932300,NFLX
2023-06-30,431.1000061035156,444.1199951171875,431.1000061035156,440.489990234375,440.489990234375,7342000,NFLX
2023-07-03,439.760009765625,441.54998779296875,431.6199951171875,441.44000244140625,441.44000244140625,3733200,NFLX
2023-07-05,444.9100036621094,450.9700012207031,439.6199951171875,445.8999938964844,445.8999938964844,6869500,NFLX
2023-07-06,440.0,442.79998779296875,430.7200012207031,438.8399963378906,438.8399963378906,4938800,NFLX
2023-07-07,438.6000061035156,442.3299865722656,435.8399963378906,438.1000061035156,438.1000061035156,4160100,NFLX
2023-07-10,438.5199890136719,444.4100036621094,436.82000732421875,441.7099914550781,441.7099914550781,4251700,NFLX
2023-07-11,438.6499938964844,440.79998779296875,431.0400085449219,440.2099914550781,440.2099914550781,4574600,NFLX
2023-07-12,444.54998779296875,445.4100036621094,437.75,444.04998779296875,444.04998779296875,5731700,NFLX
2023-07-13,447.0,451.6700134277344,441.17999267578125,450.3800048828125,450.3800048828125,6157500,NFLX
2023-07-14,452.7900085449219,456.4800109863281,439.70001220703125,441.9100036621094,441.9100036621094,7184900,NFLX
2023-07-17,445.57000732421875,456.67999267578125,445.1099853515625,450.04998779296875,450.04998779296875,6891700,NFLX
2023-07-18,451.0,478.1499938964844,448.7799987792969,474.79998779296875,474.79998779296875,13196900,NFLX
2023-07-19,476.8599853515625,485.0,470.0,477.5899963378906,477.5899963378906,20996500,NFLX
2023-07-20,447.0,448.5,432.0,437.4200134277344,437.4200134277344,23989700,NFLX
2023-07-21,437.3699951171875,438.239990234375,423.19000244140625,427.5,427.5,17303700,NFLX
2023-07-24,425.0,428.6400146484375,419.19000244140625,428.3699951171875,428.3699951171875,8264400,NFLX
2023-07-25,427.17999267578125,430.8800048828125,426.1300048828125,427.70001220703125,427.70001220703125,4859800,NFLX
2023-07-26,424.20001220703125,425.260009765625,415.5899963378906,422.6700134277344,422.6700134277344,6009200,NFLX
2023-07-27,426.8999938964844,427.5199890136719,411.8800048828125,413.1700134277344,413.1700134277344,6594500,NFLX
2023-07-28,415.55999755859375,427.4700012207031,413.760009765625,425.7799987792969,425.7799987792969,6424200,NFLX
2023-07-31,426.510009765625,439.1300048828125,426.29998779296875,438.9700012207031,438.9700012207031,6587600,NFLX
2023-08-01,437.3699951171875,445.25,431.3999938964844,438.6199951171875,438.6199951171875,5711500,NFLX
2023-08-02,435.2300109863281,435.55999755859375,426.55999755859375,429.70001220703125,429.70001220703125,4912200,NFLX
2023-08-03,427.79998779296875,441.92999267578125,427.19000244140625,431.0,431.0,6243900,NFLX
2023-08-04,433.05999755859375,436.5,426.2699890136719,431.6000061035156,431.6000061035156,5439700,NFLX
2023-08-07,436.4599914550781,441.1099853515625,428.9100036621094,440.760009765625,440.760009765625,4781300,NFLX
2023-08-08,440.3599853515625,443.57000732421875,435.1000061035156,438.29998779296875,438.29998779296875,3767200,NFLX
2023-08-09,439.739990234375,440.6199951171875,427.5899963378906,428.8999938964844,428.8999938964844,3846600,NFLX
2023-08-10,431.1199951171875,438.1199951171875,428.69000244140625,429.9800109863281,429.9800109863281,5467600,NFLX
2023-08-11,428.9800109863281,430.6300048828125,421.3299865722656,421.6600036621094,421.6600036621094,3925200,NFLX
2023-08-14,421.989990234375,428.8500061035156,418.7799987792969,427.7799987792969,427.7799987792969,3966000,NFLX
2023-08-15,424.4100036621094,429.1199951171875,421.0400085449219,423.70001220703125,423.70001220703125,3368000,NFLX
2023-08-16,423.7300109863281,424.510009765625,415.25,415.45001220703125,415.45001220703125,3967000,NFLX
2023-08-17,415.0,415.239990234375,401.5799865722656,403.0,403.0,6031500,NFLX
2023-08-18,399.3299865722656,406.5199890136719,398.1499938964844,404.5299987792969,404.5299987792969,4309200,NFLX
2023-08-21,402.2300109863281,409.6099853515625,399.5,408.2900085449219,408.2900085449219,3861600,NFLX
2023-08-22,409.0,415.739990234375,407.3999938964844,413.1700134277344,413.1700134277344,3603300,NFLX
2023-08-23,418.3999938964844,437.0199890136719,417.7099914550781,427.54998779296875,427.54998779296875,8174700,NFLX
2023-08-24,425.4100036621094,427.5899963378906,406.1700134277344,406.92999267578125,406.92999267578125,5687800,NFLX
2023-08-25,412.0,419.25,407.55999755859375,416.0299987792969,416.0299987792969,5390900,NFLX
2023-08-28,418.0400085449219,419.8299865722656,413.2699890136719,418.05999755859375,418.05999755859375,2928600,NFLX
2023-08-29,416.0,432.1700134277344,414.5,429.989990234375,429.989990234375,4486700,NFLX
2023-08-30,430.8500061035156,438.1600036621094,428.3500061035156,434.6700134277344,434.6700134277344,3625400,NFLX
2023-08-31,431.2300109863281,437.1499938964844,431.2300109863281,433.67999267578125,433.67999267578125,3803000,NFLX
2023-09-01,437.7300109863281,445.5,435.92999267578125,439.8800048828125,439.8800048828125,4792100,NFLX
2023-09-05,438.3900146484375,453.45001220703125,438.0,448.67999267578125,448.67999267578125,6155900,NFLX
2023-09-06,448.6099853515625,451.3900146484375,440.489990234375,445.760009765625,445.760009765625,3862300,NFLX
2023-09-07,441.1499938964844,444.6000061035156,436.70001220703125,443.1400146484375,443.1400146484375,2922700,NFLX
2023-09-08,443.55999755859375,446.80999755859375,439.364990234375,442.79998779296875,442.79998779296875,2568539,NFLX
